Customer id,State, Last yr sales , Prior yr sales ,Life orders,Entry date,Cust type id
,,,,,,
210758,FL,87727,101263,299,2005-02-28,Gift Basket Home
245529,TX,78201,166193,59,2009-03-10,Gift Store
244773,IL,27240,68006,2573,2008-08-29,Florist
260066,NY,23086,22260,4,2016-03-01,Gift Packer
246871,NJ,22642,19978,134,2010-08-31,Florist
247823,PA,22400,24981,446,2011-09-22,Florist
247290,NJ,15278,10979,12,2011-01-10,UNK
246794,IN,14587,17141,150,2010-07-23,Gift Basket Store
246618,FL,14343,16109,136,2010-04-27,Gift Basket Store
280192,IL,14269,  -   ,12,2018-08-01,Gift Store
246848,GA,14135,14418,168,2010-08-23,Florist
251463,,13886,9138,14,2015-09-16,Gift Store
247590,GA,13462,16751,59,2011-06-27,UNK
230842,NY,12853,7571,22,2004-09-24,UNK
251754,FL,12614,8831,53,2015-12-08,WINERY
250848,OH,11636,19434,11,2014-11-03,Gift Basket 
237026,TX,11568,21626,500,2005-09-05,Gift Packer
247478,TN,11516,12371,150,2011-04-15,WINERY
240544,NJ,10903,11271,93,2006-06-26,Florist
249625,WI,10722,9138,35,2013-05-13,Gift Basket Store
246708,WI,10295,9845,107,2010-06-03,Gift Basket 
239308,IL,10077,7678,152,2006-01-05,Catalog
237932,IL,9907,18162,87,2005-09-05,Gift Basket Store
245646,FL,9063,5907,89,2009-05-05,Hotel
280202,TX,9056,  -   ,4,2018-08-09,Specialty Food Store
248757,IL,8703,8137,1813,2012-08-13,UNK
135549,MO,8335,11267,171,1999-12-06,Florist
280144,CA,8328,  -   ,7,2018-06-01,Gift Basket Store
244154,CA,8190,5325,27,2008-02-25,Gift Basket Store
248503,RI,7545,5163,35,2012-05-10,Gift Store
260049,SC,7521,7336,35,2016-02-19,Hotel
250766,FL,7228,6569,37,2014-10-09,Gift Basket Home
21648,IL,7022,6254,80,1995-06-13,Florist
250960,UT,6958,6975,7,2014-11-25,Florist
251521,OH,6633,7421,17,2015-10-14,WINE
250518,MI,6399,5044,25,2014-06-09,Grocery
247956,OH,6262,5172,59,2011-10-31,WINE
248750,NC,6124,2263,41,2012-08-06,Florist
270251,MI,6077,7438,17,2017-07-20,Gift Basket Home
210554,NY,6010,9480,60,2005-04-08,Gift Basket Home
247644,RI,5981,3775,28,2011-07-27,Liquor
247168,MO,5964,5295,39,2010-11-23,Florist
217718,PA,5812,5149,89,2001-11-01,WINERY
220731,NJ,5703,4106,41,2002-05-28,Gift Store
244890,FL,5446,6580,14,2008-09-23,Gift Store
260611,FL,5376,396,13,2016-12-15,Gift Basket Store
280200,NJ,5360,  -   ,8,2018-08-09,WINE
247965,NY,5324,5238,66,2011-11-01,Gift Basket Store
209648,OH,5023,3248,75,2005-02-28,Liquor
231208,NC,5012,6717,141,2004-10-28,Gift Basket Home
245695,AR,5000,8381,126,2009-06-03,Gift Basket Store
270301,OR,4864,3818,11,2017-08-23,Gift Basket Home
249873,VA,4747,4623,41,2013-10-02,WINE
245747,FL,4734,1406,9,2009-06-23,Gift Basket Home
248784,PA,4645,4826,36,2012-08-23,Gift Basket Home
244659,VA,4609,2210,79,2008-08-05,UNK
247115,MI,4592,3869,22,2010-11-11,Liquor
260267,NC,4497,5373,32,2016-08-03,Gift Basket Store
236397,IN,4279,2595,118,2005-09-02,RR
206838,IL,4269,5401,78,1999-07-28,UNK
241547,WA,4248,  -   ,3,2006-10-17,Florist
249735,ID,4215,10428,66,2013-07-08,Gift Basket Home
42565,TX,4199,7082,87,1996-10-07,Florist
260320,IN,4068,2629,27,2016-09-06,Gift Basket Home
280353,UT,3976,  -   ,5,2018-11-05,Gift Basket Store
235717,IN,3941,2022,30,2005-09-02,Gift Basket 
246583,AR,3899,8877,59,2010-04-07,UNK
246856,KY,3881,4859,24,2010-08-24,Florist
243508,NH,3853,5362,84,2007-10-22,Gift Basket Store
270363,MD,3846,796,11,2017-10-16,Gift Basket Home
243242,GA,3841,  -   ,14,2007-09-12,Gift Basket Home
249838,MO,3790,1878,18,2013-09-10,Gift Basket 
210422,GA,3780,3463,19,2005-02-28,Gift Basket Home
214076,WA,3689,7386,128,2001-01-26,Gift Basket 
247553,FL,3658,1845,10,2011-05-27,Gift Basket Store
251759,FL,3643,2748,3,2015-12-10,Gift Basket Store
260037,TX,3622,4632,21,2016-02-02,Florist
248067,FL,3607,4451,21,2011-11-29,Gift Basket Home
280203,PA,3586,  -   ,3,2018-08-09,Gift Basket Store
196119,GA,3519,1447,24,1998-09-23,Gift Basket Home
260090,SC,3517,3795,41,2016-03-21,Hotel
260542,NY,3510,1282,5,2016-11-28,Florist
247639,MD,3484,864,26,2011-07-25,Gift Store
249232,WI,3473,3100,28,2012-12-04,Gift Basket Store
280031,NE,3466,  -   ,11,2018-01-23,Gift Store
251206,AZ,3460,6101,34,2015-03-16,WINERY
270526,UT,3397,274,11,2017-12-21,Gift Basket Home
250838,FL,3348,1912,36,2014-10-28,Gift Store
260285,NJ,3339,3734,8,2016-08-15,Florist
249038,CA,3316,3737,5,2012-10-30,EVENT
248701,MO,3295,7873,110,2012-08-02,UNK
251494,NJ,3292,2598,15,2015-10-01,WINE
28739,CT,3247,597,6,1995-08-21,Florist
50294,FL,3223,3206,77,1997-11-11,Florist
28453,CO,3209,2937,129,1995-08-09,Florist
220877,TN,3204,6258,93,2002-06-14,Gift Packer
221894,OH,3203,3445,74,2002-09-11,Gift Basket Home
227748,NJ,3182,2285,42,2003-10-22,Liquor
247064,NY,3175,500,13,2010-10-29,Gift Basket Store
248569,IL,3161,658,39,2012-06-13,Gift Basket Home
250049,NJ,3047,3067,13,2013-11-18,Gift Basket 
280349,IL,2999,  -   ,1,2018-11-02,Tax Exempt Charity 
260442,PR,2998,  -   ,5,2016-10-31,Florist
239189,CO,2984,2838,38,2005-12-15,Gift Basket Home
251243,SC,2970,2481,34,2015-04-13,Hotel
270527,PA,2941,  -   ,7,2017-12-27,Gift Basket Store
251503,FL,2933,2900,30,2015-10-06,WINERY
260383,PA,2930,2024,5,2016-10-06,Gift Basket Home
246094,MS,2914,2053,9,2009-10-19,Specialty Food Store
28333,NJ,2895,1446,40,1995-08-08,Gift Basket Home
239135,NY,2890,3423,32,2005-12-08,Gift Basket Store
209825,FL,2888,711,45,2005-02-28,Gift Basket Store
232556,IN,2887,4064,18,2005-05-25,Gift Basket Home
35927,MN,2864,1742,101,1996-05-16,Gift Basket 
247688,MO,2856,2209,39,2011-08-10,Grocery
270495,MT,2853,  -   ,1,2017-12-12,Gift Basket 
250968,CO,2807,2115,28,2014-12-01,Hotel
221228,NV,2794,4205,79,2002-07-23,Gift Basket Home
238814,GA,2790,926,7,2005-10-27,Gift Basket Home
248688,FL,2756,431,15,2012-07-25,Gift Basket Home
233743,CA,2749,3466,159,2005-08-22,Gift Basket 
244589,MN,2747,3020,146,2008-07-18,Gift Basket Home
247861,MI,2741,2959,27,2011-10-10,Gift Basket Store
245238,NJ,2724,1788,17,2008-12-01,Gift Basket Store
248812,TX,2711,2406,45,2012-08-30,Gift Basket Home
270069,OH,2696,72282,20,2017-02-23,Gift Packer
280383,TN,2683,  -   ,3,2018-11-14,Grocery
249706,RI,2671,2114,17,2013-06-21,Liquor
248599,NY,2647,  -   ,5,2012-06-26,EVENT
40479,IL,2643,2627,104,1996-09-03,Gift Basket Home
250296,MO,2640,2437,42,2014-02-04,Florist
172902,FL,2630,2378,29,1999-01-09,Gift Basket Store
250403,MO,2576,2566,17,2014-04-04,Restaurant 
249121,NC,2567,2818,47,2012-11-14,Gift Basket Store
280016,AL,2559,  -   ,15,2018-01-08,Gift Basket Store
239795,GA,2558,1825,76,2006-02-24,Gift Basket Store
280407,NV,2527,  -   ,1,2018-11-26,Gift Store
234714,NY,2509,2518,13,2005-09-02,Florist
280306,CA,2505,  -   ,1,2018-10-16,Gift Basket Store
245713,NV,2497,850,114,2009-06-11,Hotel
244859,NM,2472,2529,36,2008-09-18,WINERY
242515,NC,2456,3365,61,2007-02-15,Gift Basket Home
233020,IA,2435,2227,77,2005-08-01,Gift Basket Store
270346,FL,2426,547,8,2017-10-03,Specialty Food Store
251241,IL,2398,2846,33,2015-04-10,UNK
22505,TX,2389,3173,44,1996-07-30,Florist
280110,GA,2388,  -   ,9,2018-05-01,WINERY
260476,MD,2386,2029,17,2016-11-09,WINERY
250010,PA,2366,3524,23,2013-11-11,Florist
42164,CT,2351,1081,12,1996-10-02,Florist
209571,GA,2345,2182,47,2005-02-28,Gift Store
270365,NY,2330,  -   ,4,2017-10-18,Gift Basket Store
248625,VA,2321,2508,74,2012-07-05,WINERY
251155,MO,2310,2558,46,2015-02-06,WINERY
270228,IL,2303,2138,5,2017-06-26,Gift Basket Home
247063,NJ,2282,  -   ,6,2010-10-29,Gift Store
31413,NJ,2249,1385,30,1996-02-01,Florist
247745,MI,2229,2412,12,2011-09-01,Gift Basket 
217823,NY,2220,3123,33,2001-11-09,WINE
260216,GA,2205,3206,16,2016-06-24,Gift Store
35718,IL,2195,3885,132,1996-05-13,WINERY
230734,CA,2168,  -   ,15,2004-09-17,CT
280365,FL,2155,  -   ,3,2018-11-08,Gift Basket Store
260087,TX,2150,2082,13,2016-03-18,Gift Basket Store
280301,CO,2142,  -   ,3,2018-10-12,Florist
248989,OH,2094,1991,18,2012-10-22,Gift Basket Store
127128,FL,2094,1456,82,2005-02-28,Florist
251409,IN,2067,2838,10,2015-08-15,WINE
270467,TX,2059,270,7,2017-12-08,Gift Basket Store
251354,CA,2057,  -   ,7,2015-07-08,Gift Basket Home
280373,CA,2056,  -   ,3,2018-11-09,Gift Basket Store
251670,VA,2053,2151,10,2015-11-18,Gift Store
260439,FL,2052,1133,10,2016-10-31,Florist
280164,MO,2049,  -   ,5,2018-06-22,WINERY
248983,AZ,2044,1206,93,2012-10-20,Gift Basket Store
244698,CA,2043,1633,21,2008-08-20,Gift Basket Store
201107,MO,2035,1512,116,1999-01-09,Gift Store
247286,NV,2027,1668,29,2011-01-06,Gift Store
244950,MN,2024,2160,11,2008-10-07,Gift Basket Home
250026,VA,2012,1762,8,2013-11-14,Gift Basket 
251538,NY,2012,1176,17,2015-10-19,Gift Basket Home
280363,NJ,1997,  -   ,2,2018-11-08,Liquor
260319,NY,1960,1158,5,2016-09-06,Gift Basket Home
250889,PA,1957,1806,14,2014-11-12,Gift Store
242778,CA,1938,1755,34,2007-04-23,Gift Basket Home
280254,PA,1937,  -   ,4,2018-09-20,Gift Basket Store
248912,VA,1928,1620,29,2012-10-02,Gift Basket Home
238945,DC,1920,324,73,2005-11-11,Gift Basket Home
270383,NY,1901,1818,5,2017-10-27,Gift Basket Store
270258,TX,1901,187,8,2017-07-26,Gift Basket Store
247616,CA,1898,1944,64,2011-07-13,WINE
245903,MI,1894,1462,45,2009-08-24,Gift Basket Home
260202,FL,1883,700,8,2016-06-10,Grocery
248533,VA,1853,2810,36,2012-05-25,UNK
250620,NY,1847,3040,24,2014-08-13,Florist
250871,NY,1838,1490,15,2014-11-06,EVENT
248787,CO,1832,1298,19,2012-08-23,Florist
243848,TX,1824,2126,33,2007-11-28,Gift Basket Home
250145,PA,1815,2401,48,2013-12-09,Gift Basket Home
248200,NM,1812,643,10,2011-12-15,WINERY
250277,WI,1775,1691,8,2014-01-29,Gift Basket 
270266,OH,1757,1149,26,2017-08-01,Gift Basket 
4276,FL,1754,476,43,1995-12-20,Florist
230313,OH,1751,2731,17,2004-08-31,Specialty Food Store
247699,GA,1744,1173,29,2011-08-11,WINERY
213413,KY,1735,1467,37,2000-12-08,Gift Basket Store
251545,NY,1714,1722,16,2015-10-22,WINERY
251709,AR,1713,966,20,2015-11-25,Gift Basket Home
280151,TX,1710,  -   ,5,2018-06-11,Gift Basket Store
22746,OH,1708,1323,60,1996-03-26,Florist
280241,PA,1704,  -   ,5,2018-09-11,Gift Basket Store
250966,AL,1686,1730,13,2014-11-26,Gift Store
246940,WI,1685,552,19,2010-09-30,Gift Basket Home
250419,AZ,1683,1873,30,2014-04-10,Gift Basket Home
250910,NE,1666,2119,11,2014-11-17,Restaurant 
246480,UT,1655,3220,28,2010-02-18,Liquor
280317,OK,1652,  -   ,3,2018-10-22,WINE
250506,CA,1650,404,24,2014-06-03,Gift Basket Store
245208,AL,1648,1709,135,2008-11-20,INT
280270,NY,1634,  -   ,6,2018-09-28,Gift Basket Home
260425,IN,1634,2613,15,2016-10-24,WINERY
46428,MA,1631,2222,28,1997-02-06,Gift Basket Home
251537,CA,1607,2402,21,2015-10-19,WINERY
280326,IL,1599,  -   ,3,2018-10-24,Gift Basket 
246911,MO,1595,1386,35,2010-09-15,OTH
280339,ID,1574,  -   ,1,2018-10-30,Gift Basket Store
280251,TX,1571,  -   ,4,2018-09-18,WINERY
128075,TN,1570,1576,119,1999-05-28,Florist
280249,WA,1562,  -   ,1,2018-09-17,Gift Basket 
243986,OR,1560,1929,16,2008-01-02,Gift Basket Home
270522,FL,1553,  -   ,3,2017-12-20,Gift Basket Store
280368,NJ,1547,  -   ,2,2018-11-08,Gift Store
16822,MD,1528,1431,22,1996-05-09,Gift Basket Store
280424,LA,1515,  -   ,3,2018-12-03,Gift Basket 
244155,MD,1513,2629,12,2008-02-25,Gift Basket Home
245559,PA,1510,1993,50,2009-03-26,Gift Basket Store
260450,GA,1498,779,5,2016-11-01,Gift Store
247010,GA,1485,2388,56,2010-10-21,Gift Basket Home
246244,FL,1472,828,12,2009-11-24,OTH
227420,VA,1461,1583,50,2003-09-29,Gift Basket Store
270271,NE,1456,1161,5,2017-08-07,Liquor
246667,CT,1454,1814,57,2010-05-17,WINERY
242192,FL,1447,1484,32,2006-12-12,Florist
242932,NH,1445,3085,40,2007-05-23,Gift Basket Store
251737,CO,1435,569,4,2015-12-03,Gift Store
260472,NY,1434,1100,6,2016-11-08,Liquor
260279,OH,1425,921,7,2016-08-12,WINE
250915,FL,1415,  -   ,4,2014-11-17,Liquor
260376,WA,1413,1131,7,2016-10-04,CT
260242,PA,1410,1433,8,2016-07-14,Gift Basket Store
260521,FL,1407,1431,3,2016-11-17,Gift Basket Store
250911,AL,1398,1308,19,2014-11-17,Liquor
247928,MA,1397,799,12,2011-10-21,WINE
147016,MA,1390,2040,72,1998-08-19,UNK
280017,WI,1386,  -   ,1,2018-01-11,Gift Store
251355,FL,1378,757,16,2015-07-10,Gift Basket Home
270273,TX,1376,1458,11,2017-08-08,Gift Basket Store
247838,KY,1373,979,12,2011-09-30,Florist
249006,MO,1371,1225,8,2012-10-26,EVENT
250774,NY,1365,570,10,2014-10-13,Gift Basket 
245448,IN,1364,320,6,2009-02-06,EVENT
245855,OH,1364,1294,13,2009-08-05,WINE
23314,NJ,1362,  -   ,31,1996-05-09,Gift Basket Store
247582,IL,1351,2348,18,2011-06-23,Florist
30506,KY,1350,  -   ,14,1996-01-03,Gift Basket Home
251791,OH,1342,1348,7,2016-01-04,Florist
213370,IL,1333,  -   ,11,2000-12-07,Gift Basket Home
247744,NY,1330,1326,12,2011-09-01,Gift Basket Home
270139,TX,1328,727,9,2017-04-03,Gift Basket Store
260571,WA,1327,232,10,2016-12-06,Gift Basket Home
29951,TX,1325,509,46,1995-11-09,Gift Basket Store
245618,IL,1324,903,60,2009-04-22,WINE
270032,WI,1323,6970,3,2017-01-23,Gift Basket 
280257,SC,1311,  -   ,4,2018-09-21,Gift Store
240677,NY,1311,1009,22,2006-07-13,Gift Basket Home
280258,TX,1310,  -   ,3,2018-09-24,Liquor
270286,NJ,1297,1680,5,2017-08-15,Gift Basket Store
36984,IL,1297,  -   ,86,1996-06-18,Gift Basket Home
280432,NY,1292,  -   ,1,2018-12-05,Gift Basket 
280435,WV,1287,  -   ,1,2018-12-06,Gift Basket Store
245922,TN,1286,1477,51,2009-09-01,Liquor
260096,TX,1279,714,18,2016-03-22,Gift Basket Home
251648,FL,1272,152,8,2015-11-13,Gift Basket Store
270403,WI,1266,150,4,2017-11-10,Specialty Food Store
260120,OR,1261,1552,17,2016-04-07,Gift Basket Home
251446,NY,1255,8936,24,2015-09-08,Gift Basket Store
249952,MS,1255,1026,12,2013-10-24,Gift Store
270341,VA,1252,1753,10,2017-09-28,Gift Basket Home
280268,RI,1246,  -   ,3,2018-09-28,Gift Basket Store
248677,IL,1241,1247,24,2012-07-23,WINE
250008,OH,1239,1720,16,2013-11-11,Gift Basket Store
236112,MI,1235,1032,45,2005-09-02,RR
280318,FL,1234,  -   ,2,2018-10-22,Florist
240732,NJ,1232,1388,17,2006-07-14,UNK
240880,MO,1231,988,56,2006-07-31,Gift Basket Home
251406,NY,1229,1219,6,2015-08-13,Gift Basket Store
280168,FL,1223,  -   ,6,2018-06-26,Gift Basket Store
280091,WI,1220,  -   ,6,2018-04-04,Specialty Food Store
251500,PA,1216,3117,11,2015-10-05,Gift Basket Store
280204,CT,1216,  -   ,3,2018-08-10,Specialty Food Store
251571,CA,1212,480,13,2015-10-28,Gift Basket Home
270137,MI,1203,1917,15,2017-04-03,Gift Basket Home
280327,NV,1198,  -   ,1,2018-10-25,Gift Basket Store
225112,TX,1197,5152,121,2003-03-17,Gift Packer
245257,TX,1197,1499,9,2008-12-03,Specialty Food Store
28059,PA,1194,1548,107,1995-07-14,Gift Basket Home
270294,FL,1186,614,3,2017-08-22,Liquor
270404,WA,1177,514,4,2017-11-13,Gift Basket Store
280431,TX,1174,  -   ,1,2018-12-05,Gift Basket Store
246257,WV,1170,620,23,2009-11-30,Gift Basket Home
232610,LA,1166,1785,45,2005-06-30,Liquor
231188,PA,1164,985,14,2004-10-27,Gift Basket Home
251346,MI,1162,  -   ,6,2015-06-26,Specialty Food Store
195857,MD,1158,2718,81,2005-02-28,Florist
246078,TX,1157,1892,27,2009-10-14,UNK
251379,IN,1152,730,6,2015-07-24,Specialty Food Store
249871,OH,1150,  -   ,8,2013-10-01,Florist
260326,AZ,1150,1864,13,2016-09-12,Gift Basket Store
260557,CT,1141,1299,5,2016-12-01,WINE
248332,AK,1136,2312,34,2012-02-15,Gift Store
260585,AZ,1134,818,7,2016-12-09,Gift Basket 
280388,FL,1132,  -   ,1,2018-11-15,Gift Basket 
251400,FL,1130,614,9,2015-08-06,WINERY
260325,BC,1123,1180,5,2016-09-09,Gift Basket Store
120057,PA,1117,1097,30,2005-02-28,Florist
260359,SD,1114,589,6,2016-09-26,Florist
246250,PA,1113,962,25,2009-11-30,Liquor
157500,RI,1112,1119,31,1998-08-14,Liquor
280256,VA,1104,  -   ,2,2018-09-21,Gift Basket Store
249105,OH,1102,919,7,2012-11-12,Gift Store
280250,NJ,1098,  -   ,2,2018-09-17,Florist
250890,WI,1086,1234,19,2014-11-12,WINERY
280261,NJ,1080,  -   ,3,2018-09-25,WINE
270425,WI,1071,274,3,2017-11-20,Gift Basket Store
244669,NY,1069,879,11,2008-08-07,Florist
248174,KY,1068,  -   ,4,2011-12-14,Gift Basket Store
280366,GA,1068,  -   ,1,2018-11-08,Gift Store
249402,NV,1067,1090,14,2013-01-29,Gift Basket Home
250617,OH,1066,3177,4,2014-08-08,WINERY
280332,OH,1057,  -   ,1,2018-10-26,Liquor
230509,OH,1051,923,37,2004-09-16,Gift Basket Store
270347,NJ,1040,700,3,2017-10-03,Liquor
270370,MI,1038,3136,5,2017-10-18,Specialty Food Store
280155,TN,1033,  -   ,8,2018-06-13,Gift Basket 
270305,MO,1029,693,4,2017-08-25,Specialty Food Store
250984,NV,1023,  -   ,10,2014-12-03,Gift Basket Home
280293,FL,1019,  -   ,2,2018-10-09,Gift Basket 
260103,FL,1018,1019,11,2016-03-28,Gift Basket Home
243184,MA,1016,  -   ,26,2007-09-05,WINE
240031,IA,1014,1483,52,2006-03-22,Gift Basket Home
247122,PA,1013,1181,24,2010-11-12,Florist
140559,CO,1008,823,45,1999-11-29,Florist
246354,WI,1004,1177,32,2010-01-05,DIST
270392,CA,1003,1763,6,2017-11-07,Gift Basket Store
250144,PA,999,689,7,2013-12-09,Gift Basket Home
280056,NY,998,  -   ,5,2018-03-05,Gift Basket Store
280089,FL,990,  -   ,3,2018-04-02,Gift Basket Home
233810,AR,986,1488,4,2005-08-31,Gift Basket Store
242473,MI,985,2011,47,2007-02-02,Gift Basket Home
248179,RI,980,  -   ,2,2011-12-14,Gift Store
280334,OH,980,  -   ,2,2018-10-29,Gift Basket Store
237810,IL,975,1034,39,2005-09-05,Florist
250947,NY,975,861,9,2014-11-24,Gift Basket Store
247615,NC,974,1814,40,2011-07-13,WINERY
247174,OH,969,2100,11,2010-11-23,WINERY
245018,OH,967,2491,30,2008-10-17,UNK
251497,VA,966,605,16,2015-10-01,Hotel
280050,NY,964,  -   ,2,2018-02-26,Florist
242614,MD,963,  -   ,2,2007-03-19,Florist
270130,RI,962,1159,19,2017-03-28,WINERY
251311,OH,960,1165,9,2015-05-29,UNK
280427,NY,952,  -   ,2,2018-12-05,Gift Basket 
232211,FL,952,  -   ,9,2005-03-22,Gift Basket Home
243338,MT,950,4721,40,2007-09-26,Gift Basket Store
243267,MI,947,533,19,2007-09-18,WINERY
250596,CA,944,1048,7,2014-07-25,Tax Exempt Charity 
250593,PA,932,1957,33,2014-07-24,Hotel
245056,NC,932,332,9,2008-10-27,WINE
246173,AR,928,849,47,2009-11-06,Gift Store
249079,WI,927,532,11,2012-11-06,Gift Store
280123,PA,925,  -   ,3,2018-05-14,Gift Basket Home
250223,UT,922,762,6,2014-01-07,Gift Store
280370,PA,919,  -   ,1,2018-11-09,Gift Store
280225,NJ,915,  -   ,5,2018-08-30,Gift Basket Store
280171,FL,915,  -   ,1,2018-06-28,Grocery
280069,MO,909,  -   ,3,2018-03-16,Gift Basket Store
244898,GA,908,862,48,2008-09-25,Gift Basket Store
245886,IN,904,1197,59,2009-08-18,OTH
250935,NJ,901,1194,27,2014-11-20,EVENT
280426,FL,894,  -   ,1,2018-12-04,Gift Basket Store
91909,PA,894,886,38,1998-09-23,Florist
250810,OH,891,578,14,2014-10-21,Gift Store
220430,TX,890,342,97,2002-04-26,Florist
270037,SC,886,5890,7,2017-01-26,Gift Store
248803,KS,884,1530,26,2012-08-28,WINERY
28351,FL,882,851,72,1995-08-08,Florist
270359,FL,873,360,7,2017-10-13,Gift Basket Store
280083,MO,872,  -   ,2,2018-03-26,WINERY
238918,WI,866,1750,25,2005-11-08,Gift Basket Store
247618,VA,862,1010,40,2011-07-13,WINERY
270156,CT,861,1278,21,2017-04-17,Gift Basket Home
280146,MA,859,  -   ,2,2018-06-06,Gift Basket Home
250309,AK,858,  -   ,6,2014-02-12,Gift Basket Home
249246,FL,852,299,13,2012-12-06,Florist
240802,FL,851,897,63,2006-07-19,Gift Basket Home
245485,OH,846,790,53,2009-02-25,WINERY
270245,KY,840,630,9,2017-07-12,Gift Basket Home
236721,IL,836,557,17,2005-09-05,WINE
246468,OK,834,1201,13,2010-02-15,Gift Basket Store
270323,CT,830,682,3,2017-09-12,Gift Basket Home
270416,NC,824,380,4,2017-11-15,WINERY
270360,KS,823,205,10,2017-10-16,WINERY
251306,OR,820,1592,11,2015-05-20,Gift Basket Home
249127,TX,817,438,13,2012-11-14,Gift Basket 
270351,OR,813,322,5,2017-10-06,WINERY
249861,CA,813,3527,15,2013-09-26,WINERY
249799,MI,805,1775,13,2013-08-16,Gift Store
249254,NV,805,893,4,2012-12-07,Gift Basket 
241263,WA,805,464,26,2006-09-28,Gift Basket Home
251074,AZ,798,1365,19,2014-12-22,Hotel
246849,MN,796,854,19,2010-08-23,Florist
92704,GA,789,505,71,1998-12-04,Florist
250864,PA,789,629,5,2014-11-05,Gift Store
251661,TN,788,1129,9,2015-11-17,Gift Basket Store
241629,NY,785,179,21,2006-10-19,Gift Basket 
245368,WY,782,1408,18,2009-01-06,Gift Basket Home
280047,NY,777,  -   ,3,2018-02-15,Gift Store
251697,CA,776,787,5,2015-11-24,Gift Basket 
251702,TX,775,1056,9,2015-11-24,Gift Basket Store
280101,WV,773,  -   ,1,2018-04-20,Gift Basket Home
248835,CA,760,824,3,2012-09-07,Gift Basket Home
247370,ID,760,  -   ,4,2011-02-23,Gift Basket Home
247950,IL,758,523,13,2011-10-26,WINE
39497,PA,756,728,30,1996-08-14,WINERY
246227,IN,756,1296,24,2009-11-18,WINERY
280305,VA,754,  -   ,1,2018-10-16,Gift Basket 
245928,PA,753,1123,35,2009-09-02,WINERY
249964,FL,750,344,14,2013-10-29,WINE
248042,NY,750,917,8,2011-11-21,Gift Basket 
270451,CA,743,233,7,2017-11-30,Gift Basket Store
280054,MD,743,  -   ,6,2018-02-28,Catalog
280273,NM,737,  -   ,1,2018-10-01,Gift Basket Store
248001,MO,735,890,15,2011-11-10,Gift Store
247347,NC,734,779,17,2011-02-08,WINE
245795,OH,728,473,55,2009-07-20,Gift Basket Home
280382,AZ,727,  -   ,1,2018-11-14,Gift Basket Store
243300,AL,724,3077,24,2007-09-19,Florist
280319,CO,724,  -   ,2,2018-10-22,Gift Basket Home
250814,NJ,721,1806,11,2014-10-21,Liquor
280156,NJ,720,  -   ,1,2018-06-13,Gift Basket Store
250551,MD,713,755,28,2014-06-30,Gift Basket Home
280430,TX,713,  -   ,1,2018-12-05,WINE
280243,PA,713,  -   ,4,2018-09-11,Florist
249605,FL,712,738,6,2013-05-03,Specialty Food Store
280140,WA,711,  -   ,2,2018-05-29,WINERY
30255,NY,709,305,37,1995-12-06,Gift Basket Home
260194,ND,708,815,5,2016-05-27,Florist
251767,MD,703,934,9,2015-12-14,Gift Basket Store
260455,FL,701,  -   ,3,2016-11-02,Liquor
234967,MI,700,296,13,2005-09-02,Gift Basket Store
237724,WI,697,741,32,2005-09-05,Gift Basket 
247686,OH,696,778,4,2011-08-09,Florist
247888,OH,695,848,24,2011-10-14,Gift Basket 
248702,PA,694,738,22,2012-08-02,Florist
260496,KS,694,340,6,2016-11-11,WINE
280411,MI,688,  -   ,1,2018-11-27,Gift Basket Store
260283,MA,677,888,7,2008-12-05,Gift Basket Store
280290,GA,676,  -   ,1,2018-10-08,Liquor
45670,CA,671,443,51,1995-06-14,Gift Basket Home
280387,TX,671,  -   ,1,2018-11-15,Gift Basket Store
248769,UT,667,1573,30,2012-08-17,Gift Basket Store
50672,PA,667,714,25,1997-12-08,Florist
246273,WV,666,598,10,2009-12-01,Gift Basket 
232742,IL,665,649,41,2005-07-27,Florist
234641,IL,665,1054,14,2005-09-02,WINE
260478,AZ,663,670,3,2016-11-09,Gift Store
247457,AL,662,530,14,2011-04-08,Gift Basket Store
234280,TN,662,2965,3,2005-09-02,RR
248884,NV,658,1228,39,2012-09-24,Gift Basket Home
260055,GA,658,  -   ,2,2016-02-25,WINE
123320,NC,656,818,19,2005-02-28,Florist
250921,CT,656,  -   ,6,2014-11-18,Gift Store
239593,FL,654,443,13,2006-02-06,Gift Basket Home
270138,MS,649,  -   ,4,2017-04-03,Gift Basket Store
280294,NJ,648,  -   ,1,2018-10-10,WINE
38402,IL,646,423,72,1996-07-25,Gift Basket Home
280414,OH,646,  -   ,1,2018-11-28,Gift Basket 
250994,WI,645,403,8,2014-12-05,Gift Store
280381,CA,641,  -   ,3,2018-11-14,Gift Basket Store
243620,IL,640,460,5,2007-11-05,Florist
280075,VT,639,  -   ,1,2018-03-20,Gift Basket Store
245096,MO,638,658,11,2008-11-03,Gift Basket 
249553,GA,637,1332,12,2013-04-09,Gift Basket Store
251522,TX,637,902,3,2015-10-14,Florist
260485,NJ,635,184,7,2016-11-10,Gift Basket Home
247313,AZ,634,  -   ,11,2011-01-21,Gift Basket Home
220490,SC,633,388,15,2002-05-01,Gift Basket 
280094,TX,630,  -   ,1,2018-04-12,Gift Basket Home
260547,MI,630,1199,7,2016-11-28,Gift Basket Home
251603,NH,628,107,8,2015-11-05,CT
243477,MA,624,1189,24,2007-10-15,Gift Basket Home
280423,NY,624,  -   ,1,2018-11-30,Gift Basket Store
25637,KY,621,746,41,1995-09-14,Florist
233308,MD,620,760,17,2005-08-03,Gift Basket Store
270078,FL,618,1659,4,2017-03-01,Gift Store
251492,NY,617,449,6,2015-09-30,Gift Basket Store
270288,MA,616,351,2,2017-08-18,Gift Basket 
280438,NJ,616,  -   ,1,2018-12-10,Gift Basket Home
182883,LA,612,286,46,1998-09-09,Tax Exempt Charity 
251292,TN,612,710,9,2015-05-07,Gift Basket Home
249554,OH,612,909,6,2013-04-09,Gift Basket 
250067,MD,610,1084,37,2013-11-21,WINERY
251779,NC,608,2201,24,2015-12-18,Gift Basket Home
48674,MT,608,530,22,1997-07-22,Gift Basket Home
42948,FL,607,796,93,1996-10-11,Florist
247898,PA,606,1015,6,2011-10-17,Gift Store
270430,GA,606,374,4,2017-11-22,Gift Basket 
20219,IL,605,649,55,1996-01-08,Gift Basket Home
250525,FL,605,  -   ,14,2014-06-11,Gift Basket Home
233818,IN,605,387,14,2005-09-01,Gift Basket Store
97141,MA,604,1527,93,1998-01-19,Florist
280321,VA,603,  -   ,1,2018-10-23,Gift Basket Store
280329,MA,603,  -   ,2,2018-10-25,Gift Store
280308,PA,596,  -   ,1,2018-10-16,Gift Basket Home
280119,CO,595,  -   ,4,2018-05-10,WINE
248098,IN,589,362,21,2011-12-05,WINE
247742,TN,588,518,8,2011-08-31,Gift Basket Store
246071,MA,586,930,9,2009-10-13,Liquor
280396,MI,585,  -   ,1,2018-11-16,Gift Store
250772,AZ,584,700,5,2014-10-10,Florist
260469,OH,581,724,5,2016-11-07,WINERY
280024,IN,579,  -   ,1,2018-01-19,Gift Basket Store
280199,NH,578,  -   ,1,2018-08-09,Gift Basket Store
247975,NJ,573,394,8,2011-11-04,WINERY
249244,OH,573,594,25,2012-12-06,Florist
260464,MI,572,199,7,2016-11-04,Gift Basket 
280303,NC,570,  -   ,1,2018-10-15,CNSMR
235523,MI,569,539,4,2005-09-02,Grocery
280413,IL,569,  -   ,2,2018-11-27,Gift Basket Store
280074,PA,568,  -   ,4,2018-03-20,Gift Basket Home
238874,NY,568,1107,36,2005-11-03,CT
280086,MD,556,  -   ,2,2018-03-28,Gift Basket 
173218,FL,555,893,145,1999-09-07,Gift Basket Home
280170,FL,550,  -   ,2,2018-06-27,Restaurant 
251484,IN,549,700,8,2015-09-29,Gift Store
280272,LA,549,  -   ,2,2018-10-01,Florist
249230,OH,547,397,14,2012-12-03,WINE
280330,WI,545,  -   ,2,2018-10-25,Gift Basket Store
280311,GA,544,  -   ,2,2018-10-17,Gift Basket 
251543,OH,543,812,6,2015-10-21,Florist
248408,IN,541,1001,16,2012-03-22,WINE
260456,GA,540,392,4,2016-11-02,Gift Store
260191,PA,540,571,4,2016-05-25,WINERY
260453,NV,537,769,9,2016-11-01,Florist
280289,IL,537,  -   ,2,2018-10-05,Restaurant 
270444,DE,536,608,3,2017-11-28,Gift Basket 
221966,IL,533,  -   ,22,2002-09-16,Specialty Food Store
280198,WI,532,  -   ,1,2018-08-08,Tax Exempt Charity 
250226,MI,532,312,12,2014-01-08,Florist
242539,CO,529,454,6,2007-02-21,Liquor
280398,DE,528,  -   ,1,2018-11-19,Gift Basket Store
246851,OH,527,410,11,2010-08-23,Liquor
207492,VA,527,  -   ,30,1999-10-08,Gift Basket Home
243689,SC,526,313,21,2007-11-09,Gift Basket Store
251756,IL,525,335,5,2015-12-09,Gift Basket Store
248406,VA,522,591,10,2012-03-22,Gift Basket 
246680,VA,519,609,18,2010-05-20,WINERY
270434,FL,517,530,2,2017-11-22,WINE
251001,CA,516,643,27,2014-12-08,Gift Basket Home
280042,NJ,516,  -   ,3,2018-02-08,Florist
250121,MA,516,271,10,2013-12-03,WINE
250667,TN,515,150,5,2014-09-03,Gift Basket Home
247190,TN,514,355,35,2010-11-29,Gift Store
260570,TX,512,1168,4,2016-12-06,Florist
280167,NC,509,  -   ,7,2018-06-26,Gift Basket 
182784,NE,508,846,22,2005-02-28,Gift Store
249088,IA,507,362,11,2012-11-08,Gift Basket 
49381,MD,506,852,154,1997-09-05,Gift Basket Home
251724,PA,504,797,6,2015-11-30,Gift Store
251680,AK,504,458,6,2015-11-19,Gift Store
248960,OH,503,366,13,2012-10-15,Florist
244975,NY,500,1049,26,2008-10-13,WINERY
247080,KS,499,584,35,2010-11-01,Gift Basket Home
246997,NJ,499,307,5,2010-10-18,Liquor
260162,KY,498,90,8,2016-04-28,Gift Basket Home
245116,IL,498,386,20,2008-11-06,WINERY
270439,MI,498,317,4,2017-11-27,WINERY
249600,OH,497,2222,18,2013-04-29,Gift Basket Store
246887,PA,496,673,28,2010-09-09,Gift Basket Home
250009,MI,496,1509,18,2013-11-11,Grocery
249354,MA,491,1241,10,2013-01-11,Florist
247000,TX,488,459,14,2010-10-18,UNK
142532,CA,486,768,49,2005-02-28,Florist
280375,IN,486,  -   ,2,2018-11-09,Gift Basket Store
192342,NJ,484,560,16,1998-10-29,CT
280106,VA,484,  -   ,3,2018-04-26,Gift Basket Store
246748,IL,484,  -   ,56,2010-06-28,UNK
247070,NJ,482,  -   ,4,2010-11-01,Gift Basket 
280448,FL,478,  -   ,2,2018-12-14,Gift Basket Store
280065,VA,475,  -   ,1,2018-03-12,Gift Basket Store
280097,CA,475,  -   ,1,2018-04-17,CNSMR
244826,VA,475,2022,19,2008-09-09,Gift Basket Store
248416,WI,475,387,12,2012-03-27,Gift Store
260168,NY,474,484,3,2016-05-05,WINE
251504,AL,474,419,10,2015-10-07,Gift Basket Store
270332,NY,474,  -   ,1,2017-09-19,Gift Basket Store
270419,IL,474,339,2,2017-11-17,Florist
270343,CT,473,142,4,2017-09-29,Gift Basket Store
260434,UT,471,  -   ,2,2016-10-27,Gift Basket 
270172,IL,469,424,9,2017-04-25,WINE
280218,GA,469,  -   ,4,2018-08-23,Gift Basket Home
249145,WI,468,  -   ,2,2012-11-16,WINERY
224953,PA,468,468,23,2003-03-06,Florist
248940,NM,464,251,27,2012-10-11,WINERY
280153,DC,462,  -   ,1,2018-06-12,Tax Exempt Charity 
280073,VA,460,  -   ,1,2018-03-19,Grocery
280284,NJ,459,  -   ,2,2018-10-04,Gift Basket Home
239892,VA,457,2494,19,2006-03-03,Gift Basket Home
280298,IN,454,  -   ,2,2018-10-11,Gift Basket 
280238,GA,454,  -   ,1,2018-09-10,OOB
280222,MT,453,  -   ,2,2018-08-27,Liquor
280126,IN,452,  -   ,1,2018-05-16,CNSMR
247165,IL,451,747,10,2010-11-22,Grocery
260580,VA,450,  -   ,3,2016-12-08,Gift Basket Store
260220,FL,450,  -   ,5,2016-06-27,Hotel
250449,SC,449,903,6,2014-04-28,Gift Basket 
280405,IN,447,  -   ,2,2018-11-21,Florist
251546,FL,445,445,4,2015-10-22,Gift Packer
249990,MA,444,666,16,2013-11-06,Florist
3302,IL,443,483,71,1995-12-15,Florist
270020,FL,442,161,2,2017-01-13,Florist
270516,NC,439,  -   ,1,2017-12-14,Specialty Food Store
250717,FL,439,748,14,2014-09-23,Gift Basket 
270453,VA,438,770,4,2017-12-01,WINE
251137,FL,437,240,18,2015-01-27,Hotel
243509,IL,436,238,27,2007-10-22,Gift Basket Store
246638,NJ,435,1141,10,2010-05-10,Liquor
246270,NM,434,  -   ,16,2009-11-30,Gift Basket Home
280422,MS,432,  -   ,1,2018-11-30,Gift Store
212333,PA,431,522,71,2000-10-26,UNK
249544,GA,431,  -   ,5,2013-04-04,WINE
270438,MI,431,407,3,2017-11-27,Gift Basket 
250097,NY,431,381,10,2013-11-26,Gift Store
280342,WA,431,  -   ,2,2018-10-31,Gift Basket Store
280175,IN,427,  -   ,2,2018-07-06,Gift Basket Home
250118,MD,427,1707,18,2013-12-02,Gift Store
226609,IL,426,445,7,2003-08-11,Gift Store
245237,GA,423,258,8,2008-12-01,Gift Basket Home
251510,SC,420,265,8,2015-10-09,Gift Store
280002,KY,419,  -   ,1,2018-01-02,Gift Basket Store
249606,MI,414,115,18,2013-05-03,Gift Basket Store
280345,MN,411,  -   ,1,2018-11-01,WINERY
250368,MA,410,181,5,2014-03-13,Gift Basket Home
280404,PA,409,  -   ,1,2018-11-21,Grocery
260523,TN,408,  -   ,2,2016-11-18,Gift Basket Home
280364,MS,407,  -   ,1,2018-11-08,Gift Store
249066,MI,407,523,7,2012-11-02,Gift Store
280288,CO,407,  -   ,1,2018-10-05,Gift Basket Home
280020,IL,407,  -   ,2,2018-01-16,WINE
280158,IA,407,  -   ,1,2018-06-15,Specialty Food Store
280374,IN,401,  -   ,1,2018-11-09,Florist
240781,MN,400,933,20,2006-07-18,Florist
243615,MA,399,277,33,2007-11-02,Gift Basket Home
227118,CA,398,137,5,2003-09-11,Gift Basket Home
248797,MI,398,758,8,2012-08-27,Gift Basket Store
280072,FL,396,  -   ,1,2018-03-19,Gift Basket Home
246496,NH,395,  -   ,24,2010-02-25,Liquor
251329,ME,394,316,10,2015-06-12,Hotel
270293,NV,392,238,3,2017-08-22,Gift Basket Home
280417,OH,391,  -   ,1,2018-11-28,Gift Basket Store
247393,OR,387,191,15,2011-03-01,UNK
250493,CT,386,1268,35,2014-05-27,WINERY
222234,CA,386,793,57,2002-10-03,Gift Basket Home
250601,CA,384,314,6,2014-07-29,Liquor
246240,OH,383,693,13,2009-11-23,Gift Basket Store
280401,IL,383,  -   ,3,2018-11-19,Gift Basket Home
280362,IN,380,  -   ,1,2018-11-07,Gift Basket Store
260277,IN,380,  -   ,3,2016-08-12,Gift Store
250739,NC,380,568,2,2014-09-30,Florist
251012,IL,378,274,5,2014-12-10,Florist
270237,FL,378,  -   ,2,2017-07-06,Florist
280378,FL,378,  -   ,2,2018-11-13,Gift Basket Store
280296,NY,378,  -   ,1,2018-10-11,Gift Basket 
248022,DE,377,607,9,2011-11-16,Gift Basket Home
49615,OH,376,715,82,1999-01-26,Gift Basket Home
270377,NC,375,296,2,2017-10-20,Gift Basket Home
243907,MA,374,529,49,2007-12-05,CT
280262,TX,373,  -   ,1,2018-09-25,Gift Basket Home
280067,IN,373,  -   ,1,2018-03-14,Tax Exempt Charity 
280116,VA,372,  -   ,1,2018-05-07,Gift Basket Home
249026,NY,372,867,9,2012-10-29,Gift Store
246547,GA,372,310,15,2010-03-19,Gift Basket Home
270125,MD,371,738,6,2017-03-24,Gift Basket Home
234988,MI,371,287,13,2005-09-02,RR
250734,FL,370,  -   ,5,2014-09-29,EVENT
248004,NJ,368,287,23,2011-11-10,Gift Basket Store
280197,MD,364,  -   ,1,2018-08-08,Tax Exempt Charity 
137539,AR,363,1186,33,2005-02-28,Florist
270282,VA,361,1781,3,2017-08-11,Gift Basket Store
250840,NY,361,1438,10,2014-10-29,Gift Basket Store
173630,TN,361,1027,25,1998-10-21,Gift Basket Store
280207,CO,357,  -   ,2,2018-08-13,Gift Basket Home
280313,NY,356,  -   ,1,2018-10-18,Gift Basket 
280183,SC,356,  -   ,2,2018-07-16,Florist
251624,WA,354,212,8,2015-11-10,WINERY
250483,MA,354,847,16,2014-05-19,WINERY
280036,VA,354,  -   ,2,2018-01-31,Gift Basket Home
249696,PA,354,718,16,2013-06-12,WINERY
205610,TN,353,268,104,1998-12-29,WINERY
280032,TX,352,  -   ,1,2018-01-26,Florist
249878,IL,350,  -   ,2,2013-10-03,Gift Basket Store
245026,ID,349,254,17,2008-10-21,Gift Basket Store
270492,WA,348,  -   ,1,2017-12-12,Grocery
280429,IN,346,  -   ,1,2018-12-05,Florist
280142,NJ,346,  -   ,1,2018-05-30,Gift Basket Store
270268,IL,343,  -   ,3,2017-08-03,Gift Basket Store
280082,FL,341,  -   ,1,2018-03-23,OTH
239011,OH,340,714,32,2005-11-21,Liquor
234105,IL,340,321,25,2005-09-02,Gift Basket Home
260309,PA,337,843,8,2016-08-30,Gift Basket Store
280187,CA,337,  -   ,1,2018-07-23,CNSMR
280212,TX,335,  -   ,1,2018-08-17,Gift Basket Home
260430,LA,334,362,5,2016-10-26,CAN
260301,PA,332,199,6,2016-08-29,Catalog
260023,FL,331,  -   ,6,2016-01-18,Gift Basket Store
280239,CO,329,  -   ,1,2018-09-10,Gift Basket 
280453,CA,327,  -   ,1,2018-12-20,Gift Basket Store
208501,NJ,327,659,43,2005-02-28,Gift Basket Home
251608,FL,327,210,6,2015-11-05,Florist
247505,NJ,327,  -   ,8,2011-05-02,Gift Basket Home
260101,NJ,327,80,15,2016-03-24,Gift Basket Home
280160,FL,324,  -   ,2,2018-06-18,WINE
248577,MO,324,622,18,2012-06-18,Gift Basket Home
280436,IL,322,  -   ,2,2018-12-06,Gift Basket Store
239531,UT,322,199,9,2006-02-01,Florist
250353,ON,321,  -   ,4,2014-03-06,Gift Basket Store
260435,AL,320,  -   ,3,2016-10-27,WINE
246777,IN,319,  -   ,11,2010-07-12,Gift Store
280080,TX,318,  -   ,1,2018-03-22,Gift Basket Store
248017,OR,318,694,10,2011-11-15,UNK
248080,MN,318,1667,24,2011-12-01,Restaurant 
246631,IL,317,422,9,2010-05-06,Gift Store
243990,NV,312,  -   ,21,2008-01-03,Gift Basket Home
270511,NJ,312,  -   ,1,2017-12-13,Gift Basket Home
260372,GA,311,742,6,2016-09-30,Gift Store
246289,MA,310,  -   ,2,2009-12-07,Florist
270409,NJ,306,597,2,2017-11-13,Gift Basket 
249279,PA,306,338,10,2012-12-13,Gift Store
243588,WI,305,650,38,2007-10-31,Liquor
247706,SC,304,1215,17,2011-08-16,Florist
32914,AZ,304,72,10,1996-03-07,Gift Basket Home
280393,VA,304,  -   ,1,2018-11-16,Gift Basket 
250959,VA,303,  -   ,5,2014-11-25,WINE
249749,NJ,301,286,4,2013-07-18,Gift Basket Home
280300,IL,301,  -   ,3,2018-10-12,Gift Store
280118,FL,299,  -   ,1,2018-05-09,Gift Basket Store
249356,NY,299,  -   ,5,2013-01-11,Gift Store
280090,CO,299,  -   ,4,2018-04-04,Gift Basket 
246104,SC,296,312,10,2009-10-20,Florist
280247,CT,296,  -   ,2,2018-09-13,Gift Store
280403,GA,295,  -   ,1,2018-11-20,Grocery
280304,OK,295,  -   ,1,2018-10-15,Gift Basket Store
280015,VA,293,  -   ,1,2018-01-08,Gift Basket Home
250639,GA,293,879,6,2014-08-20,Gift Basket Store
280322,TX,292,  -   ,2,2018-10-23,Gift Basket Store
280390,CA,292,  -   ,1,2018-11-16,CNSMR
280361,IA,290,  -   ,1,2018-11-07,Restaurant 
280421,NC,289,  -   ,1,2018-11-30,CNSMR
280269,NC,288,  -   ,1,2018-09-28,Gift Store
250833,FL,288,311,20,2014-10-27,Florist
270088,FL,288,  -   ,1,2017-03-07,Gift Basket Home
249670,ND,286,271,14,2013-05-31,Gift Store
243304,PA,285,297,7,2007-09-20,Gift Store
251199,IN,284,876,5,2015-03-06,Gift Basket Store
270484,PA,283,111,3,2017-12-11,Gift Basket Home
260328,TX,283,1241,8,2016-09-12,Florist
260380,FL,282,110,3,2016-10-04,Gift Basket Home
280211,MI,280,  -   ,2,2018-08-17,Gift Basket 
250354,NC,279,442,24,2014-03-06,Florist
246884,IA,279,839,17,2010-09-03,CAN
280419,FL,279,  -   ,1,2018-11-29,Gift Basket Store
243219,CO,279,197,22,2007-09-10,WINERY
230944,VA,276,986,34,2004-10-06,Liquor
260065,TN,275,  -   ,2,2016-03-01,Gift Basket Home
280259,IL,274,  -   ,1,2018-09-24,Gift Basket 
260432,ID,272,206,6,2016-10-27,Gift Basket Home
280358,OH,271,  -   ,2,2018-11-06,Gift Basket Home
280237,NC,271,  -   ,3,2018-09-10,Gift Basket Home
280376,PA,270,  -   ,1,2018-11-12,Gift Basket 
212065,IL,268,301,31,2000-10-17,Gift Store
174066,RI,267,344,31,1999-09-21,Gift Store
233475,WA,267,  -   ,22,2005-08-04,CT
270317,WA,266,850,11,2017-09-05,Gift Basket Store
251326,FL,265,  -   ,2,2015-06-10,Gift Basket Home
30776,CT,265,  -   ,20,1996-01-16,Gift Basket Store
260339,CA,265,  -   ,4,2016-09-16,WINE
230082,LA,261,228,11,2004-07-30,Gift Basket Home
247758,TX,261,  -   ,12,2011-09-06,Florist
234567,NJ,260,  -   ,5,2005-09-02,Gift Basket Store
280223,VA,260,  -   ,2,2018-08-27,Gift Basket Store
249268,OH,260,184,7,2012-12-12,Gift Basket Store
270190,VA,259,242,5,2017-05-10,WINERY
39929,NY,259,194,54,1996-08-21,Florist
280276,PA,258,  -   ,1,2018-10-02,Gift Basket Home
280265,AL,256,  -   ,1,2018-09-27,Specialty Food Store
251384,OR,255,444,15,2015-07-28,UNK
280395,WI,253,  -   ,1,2018-11-16,Gift Packer
246274,MD,253,  -   ,5,2009-12-01,Gift Basket Home
239355,OR,252,126,13,2006-01-13,Gift Basket Home
251729,GA,251,  -   ,4,2015-12-01,Gift Basket Home
270449,FL,251,592,3,2017-11-30,Gift Basket Store
250150,GA,251,253,11,2013-12-10,Gift Store
249651,DE,250,1215,6,2013-05-23,Florist
237297,IL,250,138,9,2005-09-05,Gift Basket Store
280208,MN,250,  -   ,1,2018-08-15,Tax Exempt Charity 
250418,VA,249,  -   ,8,2014-04-09,Gift Basket Store
246973,TX,248,  -   ,3,2010-10-05,Gift Basket 
270016,NJ,248,505,9,2016-11-14,CT
280439,GA,246,  -   ,1,2018-12-10,Grocery
280348,UT,245,  -   ,1,2018-11-01,Gift Basket Store
280029,FL,245,  -   ,1,2018-01-22,Florist
280051,TX,244,  -   ,2,2018-02-28,Gift Store
260141,GA,242,110,5,2016-04-18,Gift Store
270262,IN,242,  -   ,4,2017-07-31,Gift Basket Store
260393,TN,241,267,3,2016-10-10,Gift Basket Store
280341,WI,241,  -   ,3,2018-10-31,Restaurant 
270432,ID,241,1028,2,2017-11-22,Gift Basket Store
246457,MS,241,112,6,2010-02-11,REP
280380,GA,240,  -   ,1,2018-11-13,Florist
245032,OR,237,68,8,2008-10-22,Gift Basket Home
247753,IL,237,  -   ,15,2011-09-06,WINE
280061,MN,235,  -   ,1,2018-03-08,Gift Store
280231,CO,235,  -   ,1,2018-09-05,Gift Basket Home
280443,PA,234,  -   ,1,2018-12-12,Gift Basket 
243524,TX,233,412,34,2007-10-23,WINERY
241837,PA,232,162,7,2006-11-03,Gift Store
280299,NV,232,  -   ,1,2018-10-12,CNSMR
280283,MD,229,  -   ,1,2018-10-04,Gift Store
249446,FL,228,555,26,2013-02-11,Gift Basket Store
126396,FL,227,  -   ,12,2005-02-28,Florist
250727,MI,227,805,24,2014-09-24,Gift Basket Home
280295,NC,226,  -   ,2,2018-10-10,Gift Basket Store
251154,TX,223,154,7,2015-02-05,Florist
205203,IL,223,278,53,1998-11-09,Gift Basket Store
245528,IL,222,  -   ,2,2009-03-06,Florist
280100,CA,221,  -   ,1,2018-04-20,CNSMR
280190,CT,221,  -   ,1,2018-07-31,CNSMR
280159,TX,221,  -   ,3,2018-06-15,Gift Basket Home
270452,CA,219,2805,3,2017-12-01,Gift Basket Store
280033,CA,218,  -   ,1,2018-01-26,Liquor
247573,WY,217,  -   ,8,2011-06-20,Gift Store
245196,TX,217,155,18,2008-11-18,WINERY
280312,TX,216,  -   ,1,2018-10-18,Gift Basket Store
280180,OK,216,  -   ,1,2018-07-11,EVENT
248062,NY,215,136,12,2011-11-29,Florist
280367,NC,215,  -   ,1,2018-11-08,Gift Basket Store
229634,NC,214,  -   ,15,2004-05-11,Florist
248660,NJ,214,611,9,2012-07-17,Gift Basket Store
270255,FL,213,542,3,2017-07-25,Gift Basket Home
280193,CT,213,  -   ,2,2018-08-02,Gift Basket 
280406,GA,213,  -   ,1,2018-11-21,Gift Store
247848,IL,212,  -   ,4,2011-10-05,Gift Basket Home
243530,VA,211,437,35,2007-10-24,Gift Basket Store
280336,NY,210,  -   ,1,2018-10-30,Gift Basket Home
260318,IL,207,442,13,2016-09-06,Florist
251295,TN,207,140,14,2015-05-11,Florist
280059,WA,207,  -   ,2,2018-03-08,Hotel
280357,GA,207,  -   ,2,2018-11-06,Gift Store
280191,NY,206,  -   ,1,2018-07-31,Tax Exempt Charity 
280040,DC,205,  -   ,2,2018-02-08,Gift Basket Home
26071,MO,205,196,69,1996-09-27,Gift Basket Store
280041,MD,203,  -   ,1,2018-02-08,CNSMR
280104,NH,202,  -   ,1,2018-04-24,Gift Basket Home
247955,NJ,202,272,8,2011-10-28,WINE
220342,PA,202,  -   ,16,2002-04-19,Gift Basket Home
248586,WI,199,318,12,2012-06-20,Gift Basket Home
280226,MO,199,  -   ,1,2018-08-31,Gift Basket 
248367,FL,198,  -   ,15,2012-02-29,WINE
251300,MO,198,656,15,2015-05-11,CT
250749,KY,197,  -   ,4,2014-10-06,Gift Store
250881,CA,196,670,7,2014-11-11,UNK
251659,OR,196,378,11,2015-11-16,Gift Store
260603,MD,196,107,3,2016-12-13,Gift Basket Home
280316,MS,196,  -   ,1,2018-10-19,Gift Store
248050,MD,195,130,7,2011-11-23,EVENT
280442,NJ,194,  -   ,1,2018-12-11,Gift Basket Store
280217,VA,192,  -   ,1,2018-08-21,Gift Basket 
250852,IN,192,566,9,2014-11-03,Restaurant 
280023,CO,191,  -   ,1,2018-01-19,Gift Basket Home
241276,FL,190,786,8,2006-09-29,Gift Basket Home
249508,MN,189,  -   ,4,2013-03-13,WINERY
280377,CT,189,  -   ,2,2018-11-12,Gift Basket Store
280372,NJ,189,  -   ,2,2018-11-09,UNK
270270,NY,187,187,2,2017-08-04,WINERY
260574,PA,187,  -   ,2,2016-12-06,Florist
280233,PA,187,  -   ,1,2018-09-05,CNSMR
245573,OH,186,  -   ,7,2009-04-01,Restaurant 
244987,MO,186,329,25,2008-10-15,Gift Store
280263,OH,185,  -   ,2,2018-09-26,Gift Basket Store
280172,WA,185,  -   ,2,2018-06-29,Gift Basket 
247852,MA,185,534,14,2011-10-06,Liquor
280260,IL,184,  -   ,1,2018-09-25,CNSMR
248850,FL,184,297,17,2012-09-13,Florist
248937,SC,184,  -   ,5,2012-10-11,Florist
280139,NC,184,  -   ,3,2018-05-29,Gift Basket Store
280162,KS,183,  -   ,2,2018-06-20,Gift Basket Home
280409,IL,183,  -   ,1,2018-11-26,CT
280335,NC,182,  -   ,1,2018-10-29,Gift Basket 
250961,PA,181,  -   ,1,2014-11-26,Gift Basket Store
280013,NM,181,  -   ,1,2018-01-05,EVENT
237646,PA,180,  -   ,3,2005-09-05,Gift Basket 
280292,VA,179,  -   ,1,2018-10-09,Gift Basket Store
280111,WA,179,  -   ,1,2018-05-02,Gift Basket Store
280025,IL,178,  -   ,1,2018-01-22,Gift Basket 
260495,CA,178,365,4,2016-11-11,Restaurant 
248929,KS,176,306,6,2012-10-09,Florist
260457,OH,176,395,5,2016-11-02,Gift Basket Home
30121,FL,175,121,50,1995-11-21,Gift Basket Store
270349,CA,175,382,5,2017-10-04,WINERY
280181,FL,173,  -   ,1,2018-07-13,Florist
231636,IL,173,  -   ,47,2004-12-10,Hotel
280418,CA,173,  -   ,1,2018-11-29,Gift Basket Store
270108,NJ,171,94,4,2017-03-15,Gift Basket Home
251025,FL,170,111,2,2014-12-12,Florist
280184,TN,169,  -   ,1,2018-07-18,CNSMR
242856,OH,168,642,9,2007-05-08,Gift Basket Home
280412,NY,167,  -   ,2,2018-11-27,Gift Basket Home
270175,TN,166,466,3,2017-05-02,Hotel
280174,TN,165,  -   ,2,2018-07-05,Gift Basket Store
280437,IL,164,  -   ,2,2018-12-07,OTH
238876,CO,164,394,12,2005-11-03,Gift Basket Home
280434,ID,164,  -   ,2,2018-12-06,Gift Basket Store
239027,IL,164,390,125,2005-11-22,Gift Packer
247446,NV,163,163,45,2011-04-01,CAN
246830,IL,163,98,18,2010-08-11,Gift Basket Home
249963,NH,163,  -   ,5,2013-10-29,Gift Basket Store
260529,TX,162,603,4,2016-11-18,WINERY
280128,NE,162,  -   ,2,2018-05-17,EVENT
280389,FL,162,  -   ,1,2018-11-15,Gift Basket Store
280138,VA,161,  -   ,2,2018-05-29,Gift Basket 
280137,KY,161,  -   ,2,2018-05-25,Gift Basket Home
280399,OR,160,  -   ,1,2018-11-19,Gift Basket Home
270285,PA,158,211,5,2017-08-14,Gift Basket Store
235825,IN,158,139,9,2005-09-02,Gift Store
250272,ME,158,108,16,2014-01-27,Gift Basket 
239858,CO,155,  -   ,3,2006-02-28,Gift Basket Home
280085,CO,155,  -   ,1,2018-03-27,Tax Exempt Charity 
280196,TN,155,  -   ,1,2018-08-06,Gift Basket Home
251568,MA,154,153,5,2015-10-28,Gift Store
251233,MN,153,187,15,2015-04-09,Gift Basket Home
233680,AL,151,301,29,2005-08-05,WINE
250972,IN,151,143,5,2014-12-01,EVENT
270362,VA,150,216,2,2017-10-16,Gift Basket Store
280235,MN,150,  -   ,1,2018-09-10,EVENT
280297,MN,150,  -   ,1,2018-10-11,Gift Basket Store
280176,WI,149,  -   ,1,2018-07-09,CNSMR
270464,FL,149,96,2,2017-12-07,WINE
280385,LA,148,  -   ,1,2018-11-15,Gift Basket 
280092,MI,148,  -   ,1,2018-04-09,Gift Basket Store
280307,AZ,147,  -   ,1,2018-10-16,Gift Basket Store
237063,IL,147,  -   ,28,2005-09-05,Gift Basket 
246497,ME,146,221,8,2010-02-25,Gift Basket Store
250276,NV,145,  -   ,1,2014-01-28,Gift Basket Home
270314,WI,145,  -   ,1,2017-08-31,Gift Basket Home
280252,FL,144,  -   ,1,2018-09-18,EVENT
247216,AL,144,546,20,2010-12-07,Gift Basket Home
239393,NJ,143,524,24,2006-01-19,WINE
247102,IN,142,111,11,2010-11-09,Gift Basket Home
20335,AL,142,637,115,1996-02-23,Florist
244233,CA,142,340,4,2008-03-20,Grocery
247204,OR,140,164,7,2010-12-03,Florist
248988,MN,140,458,6,2012-10-22,Gift Store
270458,AR,139,1003,3,2017-12-04,WINE
251532,NE,138,763,8,2015-10-19,Liquor
119425,NY,137,537,25,1998-12-05,Florist
233824,IL,137,258,34,2005-09-02,WINE
280391,NJ,137,  -   ,2,2018-11-16,Gift Basket Store
270421,NJ,136,295,2,2017-11-17,Liquor
270357,SC,136,270,2,2017-10-11,Florist
250460,CO,136,138,13,2014-05-01,Gift Basket Store
37721,IL,135,463,37,1996-06-28,Gift Basket Home
249260,IL,135,44,9,2012-12-10,Gift Basket Home
224151,MD,135,135,14,2003-01-03,Gift Basket Home
245419,FL,134,463,22,2009-01-29,Gift Basket Store
270327,FL,132,1993,3,2017-09-13,OOB
248853,OH,130,  -   ,3,2012-09-13,Florist
250383,OR,130,89,13,2014-03-25,Gift Basket Home
247179,PA,129,313,4,2010-11-24,Gift Store
270358,NV,128,185,3,2017-10-12,Gift Basket Store
248982,CO,127,625,7,2012-10-20,Gift Basket 
248021,PA,127,179,13,2011-11-15,WINERY
250326,CA,126,  -   ,20,2014-02-20,Hotel
246060,MS,124,803,129,2009-10-12,Hotel
217331,MD,124,207,23,2001-10-11,Gift Basket Home
251213,MI,123,703,8,2015-03-19,Gift Store
249983,KY,123,167,4,2013-11-05,Gift Basket Store
225423,IL,123,2348,105,2003-04-11,Gift Basket 
260286,VA,123,187,4,2016-08-17,WINERY
31608,AZ,121,96,25,1996-02-05,Gift Basket Store
247841,NY,120,142,9,2011-10-03,Florist
270093,TX,118,585,8,2017-03-08,Gift Store
243328,NC,118,169,12,2007-09-24,UNK
173608,PA,118,176,24,2005-02-28,Gift Basket Store
260025,IN,118,82,3,2016-01-18,Gift Store
270210,NC,118,62,2,2017-06-06,Gift Basket 
270410,MO,115,117,2,2017-11-13,Gift Basket 
251649,GA,113,195,11,2015-11-13,Gift Basket Store
210711,TX,112,50,23,2005-02-28,CAN
249736,MA,109,178,13,2013-07-08,Hospital
247598,FL,108,477,23,2011-06-29,Gift Basket Store
247735,IL,106,88,9,2011-08-25,Gift Basket Home
246968,WI,103,204,10,2010-10-05,CT
251583,NJ,101,  -   ,5,2015-10-30,Gift Store
248598,TX,100,67,12,2012-06-25,UNK
260091,FL,99,1006,24,2016-03-21,Gift Basket Home
260374,IN,99,145,4,2016-10-03,WINE
245275,OK,99,450,15,2008-12-05,Gift Basket Store
270460,NY,98,451,3,2017-12-05,Gift Basket Store
249874,CA,97,721,17,2013-10-02,Gift Basket Home
239854,NC,95,190,11,2006-02-28,Gift Basket Store
245989,NH,95,245,12,2009-09-22,Gift Basket Home
249528,LA,94,123,14,2013-03-27,CAN
23438,AL,93,262,50,1996-03-04,Gift Store
280081,OH,90,  -   ,2,2018-03-23,Tax Exempt Charity 
251601,CA,89,179,8,2015-11-05,CNSMR
241067,NY,89,1190,51,2006-09-05,Gift Basket Store
270232,SC,86,86,3,2017-07-03,CNSMR
242059,MA,83,103,17,2006-11-28,Gift Basket Home
251321,NY,82,239,8,2015-06-08,Gift Store
260577,CA,79,240,3,2016-12-07,Florist
260581,IN,78,1797,5,2016-12-08,WINERY
249972,KY,76,606,8,2013-10-31,Gift Basket Home
280302,FL,74,  -   ,2,2018-10-15,Gift Basket Home
247853,WI,71,75,19,2011-10-07,CNSMR
246239,AL,70,166,13,2009-11-23,WINE
244781,NC,66,115,47,2008-09-02,WINE
270394,GA,55,325,2,2017-11-08,Gift Basket Home
245898,MO,53,131,14,2009-08-21,CT
247658,PA,47,257,20,2011-07-29,WINERY
270030,TN,47,103,3,2017-01-23,Gift Store
260373,MI,46,253,7,2016-09-30,CNSMR
251501,FL,39,1691,57,2015-10-05,Gift Basket Home
231984,MI,38,147,12,2005-02-03,Gift Basket Store
270241,TN,34,119,2,2017-07-10,Gift Basket Home
,,1568851,1591906,,,
